-- phpMyAdmin SQL Dump
-- version 4.9.0.1
-- https://www.phpmyadmin.net/
--
-- Host: 127.0.0.1
-- Generation Time: Aug 27, 2021 at 06:11 AM
-- Server version: 10.3.16-MariaDB
-- PHP Version: 7.3.7

SET SQL_MODE = "NO_AUTO_VALUE_ON_ZERO";
SET AUTOCOMMIT = 0;
START TRANSACTION;
SET time_zone = "+00:00";


/*!40101 SET @OLD_CHARACTER_SET_CLIENT=@@CHARACTER_SET_CLIENT */;
/*!40101 SET @OLD_CHARACTER_SET_RESULTS=@@CHARACTER_SET_RESULTS */;
/*!40101 SET @OLD_COLLATION_CONNECTION=@@COLLATION_CONNECTION */;
/*!40101 SET NAMES utf8mb4 */;

--
-- Database: `toko-roti`
--

-- --------------------------------------------------------

--
-- Table structure for table `ci_sessions`
--

CREATE TABLE `ci_sessions` (
  `id` varchar(128) NOT NULL,
  `ip_address` varchar(45) NOT NULL,
  `timestamp` int(10) UNSIGNED NOT NULL DEFAULT 0,
  `data` blob NOT NULL
) ENGINE=InnoDB DEFAULT CHARSET=utf8mb4;

--
-- Dumping data for table `ci_sessions`
--

INSERT INTO `ci_sessions` (`id`, `ip_address`, `timestamp`, `data`) VALUES
('1mr2cs24ter7i4tj38v5afvkgmejbboj', '::1', 1624913144, 0x5f5f63695f6c6173745f726567656e65726174657c693a313632343931333134343b),
('fp9dtf6amgo8as0gb2kcsi2pded04qte', '::1', 1624913558, 0x5f5f63695f6c6173745f726567656e65726174657c693a313632343931333535383b),
('fvjif3ajh6n5h8nki3jhvs4mi9elqlql', '::1', 1624913873, 0x5f5f63695f6c6173745f726567656e65726174657c693a313632343931333837333b),
('fsdc88nec7nh4v21udlau6m4qkrlncqa', '::1', 1624914338, 0x5f5f63695f6c6173745f726567656e65726174657c693a313632343931343333383b7265646972656374696f6e7c4e3b5f5f4143544956455f53455353494f4e5f444154417c733a3235363a22306336303366636538306464343238386639656330376662636166643738633134326161643239373730313438633135323662643336326231636664656431393730386265613336346638323633613464383930323934633731626561626535363166646630663464363161613366393735373534613538306266376365303668525332306f7835384e633144316b4c4c4151664847794b69496242444c4168695932425a36496f636141354b523767614c30656c686a494b7832656656482b737563754e3358694479715a586a6c2f2b354e326f4c7830486c6b766a33565a5a74566946323661334d6b4e58717762506b2f6d5670504379396a5250784e46223b),
('7h1c362njbrca4eub7buielc1k7nt8aa', '::1', 1624914375, 0x5f5f63695f6c6173745f726567656e65726174657c693a313632343931343333383b7265646972656374696f6e7c4e3b5f5f4143544956455f53455353494f4e5f444154417c733a3235363a22306336303366636538306464343238386639656330376662636166643738633134326161643239373730313438633135323662643336326231636664656431393730386265613336346638323633613464383930323934633731626561626535363166646630663464363161613366393735373534613538306266376365303668525332306f7835384e633144316b4c4c4151664847794b69496242444c4168695932425a36496f636141354b523767614c30656c686a494b7832656656482b737563754e3358694479715a586a6c2f2b354e326f4c7830486c6b766a33565a5a74566946323661334d6b4e58717762506b2f6d5670504379396a5250784e46223b),
('k6d6m6b2chgfiighj4nibigtc8l71kmo', '::1', 1624914922, 0x5f5f63695f6c6173745f726567656e65726174657c693a313632343931343932323b7265646972656374696f6e7c4e3b5f5f4143544956455f53455353494f4e5f444154417c733a3235363a22633663353836643138363037343762383035393537666530363634316339306665376139383439646537346138323862373439376363303937383738313333653830313930656333393261316362393836366131636161353664383538346432326234333761663034633265336465386632373637303536353861663839323974513457367868613844667574582b6559686343315271642f5539584d57387178573134354a6b4e54592f4f35436f5666633744796c37644e6f316647754662663745766155655236686374704359455a7839465650594e3237415930374773326547394b32436736534b475453747a55325968326158374f7768566a6a7a73223b),
('1c0mnrb1j1pgv9iddp45o45448b6oj3v', '::1', 1624915279, 0x5f5f63695f6c6173745f726567656e65726174657c693a313632343931353237393b7265646972656374696f6e7c4e3b5f5f4143544956455f53455353494f4e5f444154417c733a3235363a2261656365663037393232623837666431363439353531633335386662396639373536376365313164376134613865386131633962306133626566613364313661663764333733336130336237353430643632613738366539653538626461363530333339633538363231386634643162363263656661643363396462643832336474586a55566751486a584e524533734b5a757a364d717976382b34784e496359414a62334f3752556849325839714c5a44595777542f35333472586a51325a4e584936496f4373355a744d7a4b56783951554a713052353279427070426e416b6b346c506a42565a4d416d2b587263716f636c4b343775636c715565703031223b),
('e1rbu06ip3omu28ei0kuk9fmkevi2ltp', '::1', 1624915603, 0x5f5f63695f6c6173745f726567656e65726174657c693a313632343931353630333b7265646972656374696f6e7c4e3b5f5f4143544956455f53455353494f4e5f444154417c733a3235363a2261656365663037393232623837666431363439353531633335386662396639373536376365313164376134613865386131633962306133626566613364313661663764333733336130336237353430643632613738366539653538626461363530333339633538363231386634643162363263656661643363396462643832336474586a55566751486a584e524533734b5a757a364d717976382b34784e496359414a62334f3752556849325839714c5a44595777542f35333472586a51325a4e584936496f4373355a744d7a4b56783951554a713052353279427070426e416b6b346c506a42565a4d416d2b587263716f636c4b343775636c715565703031223b),
('g8a0c2j3cvct79pce02iaala24fct929', '::1', 1624915906, 0x5f5f63695f6c6173745f726567656e65726174657c693a313632343931353930363b7265646972656374696f6e7c4e3b),
('5uginef8edio2co7d6f4v637v0ofg476', '::1', 1624916301, 0x5f5f63695f6c6173745f726567656e65726174657c693a313632343931363330313b7265646972656374696f6e7c4e3b5f5f4143544956455f53455353494f4e5f444154417c733a3235363a2261326562626135616664323462323461353364623966306465373834366664383636366664353938653235343839376164353766353733383366393036363536646666376237326531373266343563363536373834323832393863323063663039393438346663616134323435653732376530613437653463633732313331616f485845684d6f696268476b76717731397174444d6c755651326c706c734631397833596d452f4f4f4158652b5a754c56746c743478614978347535437232574451704e434632566b6e6e575753496a55683055352f66625a5a34306e6836515935586b70684a7043304a6e577638676d79325a303244486179717639524858223b),
('8f7niraqm32ghao8bdlv63fm28viv46j', '::1', 1624916635, 0x5f5f63695f6c6173745f726567656e65726174657c693a313632343931363633353b7265646972656374696f6e7c733a38303a226148523063446f764c327876593246736147397a6443397264575675595773766157356b5a586775634768774c324e3163335276625756794c3342686557316c626e527a4c324e76626d5a70636d303d223b5f5f4143544956455f53455353494f4e5f444154417c733a3235363a2261326562626135616664323462323461353364623966306465373834366664383636366664353938653235343839376164353766353733383366393036363536646666376237326531373266343563363536373834323832393863323063663039393438346663616134323435653732376530613437653463633732313331616f485845684d6f696268476b76717731397174444d6c755651326c706c734631397833596d452f4f4f4158652b5a754c56746c743478614978347535437232574451704e434632566b6e6e575753496a55683055352f66625a5a34306e6836515935586b70684a7043304a6e577638676d79325a303244486179717639524858223b),
('ufitkd2kr9dhijlhjr919o7tcfegeqhg', '::1', 1624916964, 0x5f5f63695f6c6173745f726567656e65726174657c693a313632343931363936343b7265646972656374696f6e7c733a38303a226148523063446f764c327876593246736147397a6443397264575675595773766157356b5a586775634768774c324e3163335276625756794c3342686557316c626e527a4c324e76626d5a70636d303d223b5f5f4143544956455f53455353494f4e5f444154417c733a3235363a2261326562626135616664323462323461353364623966306465373834366664383636366664353938653235343839376164353766353733383366393036363536646666376237326531373266343563363536373834323832393863323063663039393438346663616134323435653732376530613437653463633732313331616f485845684d6f696268476b76717731397174444d6c755651326c706c734631397833596d452f4f4f4158652b5a754c56746c743478614978347535437232574451704e434632566b6e6e575753496a55683055352f66625a5a34306e6836515935586b70684a7043304a6e577638676d79325a303244486179717639524858223b6164645f6e65775f70726f647563745f666c6173687c733a33333a2250726f64756b206261727520626572686173696c20646974616d6261686b616e21223b5f5f63695f766172737c613a313a7b733a32313a226164645f6e65775f70726f647563745f666c617368223b733a333a226f6c64223b7d),
('6cb6ppbnft5bqfguul5bulcegehq6qlg', '::1', 1624917295, 0x5f5f63695f6c6173745f726567656e65726174657c693a313632343931373239353b7265646972656374696f6e7c733a38303a226148523063446f764c327876593246736147397a6443397264575675595773766157356b5a586775634768774c324e3163335276625756794c3342686557316c626e527a4c324e76626d5a70636d303d223b5f5f4143544956455f53455353494f4e5f444154417c733a3235363a2261326562626135616664323462323461353364623966306465373834366664383636366664353938653235343839376164353766353733383366393036363536646666376237326531373266343563363536373834323832393863323063663039393438346663616134323435653732376530613437653463633732313331616f485845684d6f696268476b76717731397174444d6c755651326c706c734631397833596d452f4f4f4158652b5a754c56746c743478614978347535437232574451704e434632566b6e6e575753496a55683055352f66625a5a34306e6836515935586b70684a7043304a6e577638676d79325a303244486179717639524858223b6164645f6e65775f70726f647563745f666c6173687c733a33333a2250726f64756b206261727520626572686173696c20646974616d6261686b616e21223b5f5f63695f766172737c613a313a7b733a32313a226164645f6e65775f70726f647563745f666c617368223b733a333a226f6c64223b7d),
('q59itp3irpbjb1825340c5vl0ti1220m', '::1', 1624917598, 0x5f5f63695f6c6173745f726567656e65726174657c693a313632343931373539383b7265646972656374696f6e7c4e3b5f5f4143544956455f53455353494f4e5f444154417c733a3235363a2261386164623933366637656365326632366465303230343037633633396234313565653430346636643230633039303362313932363964333961383732343133346430313236373366623335353430613465613464666230386631633631616365363537366663323961306539306234313833323335343462326461343435303864515631324973544e7a7941454d774b48586f58384e6d2f44415272302f344a6431716550427531536872396c2f614a525576614a69653645423343332f3368797337516e55722b70435765466e52624b6a415935714379564e61316b6f5541504b446b7569586b35797659315a2b656476376731796230387572536c6166223b),
('7cr7ct61tkg4dddmmen51lpd7v0utu7m', '::1', 1624917913, 0x5f5f63695f6c6173745f726567656e65726174657c693a313632343931373931333b7265646972656374696f6e7c4e3b5f5f4143544956455f53455353494f4e5f444154417c733a3235363a2261386164623933366637656365326632366465303230343037633633396234313565653430346636643230633039303362313932363964333961383732343133346430313236373366623335353430613465613464666230386631633631616365363537366663323961306539306234313833323335343462326461343435303864515631324973544e7a7941454d774b48586f58384e6d2f44415272302f344a6431716550427531536872396c2f614a525576614a69653645423343332f3368797337516e55722b70435765466e52624b6a415935714379564e61316b6f5541504b446b7569586b35797659315a2b656476376731796230387572536c6166223b),
('adnb81rfiejmeui9742jkub4rl7hpkha', '::1', 1624918238, 0x5f5f63695f6c6173745f726567656e65726174657c693a313632343931383233383b7265646972656374696f6e7c4e3b5f5f4143544956455f53455353494f4e5f444154417c733a3235363a22363866626435336238303334353530343234376562373664383137653837333364623062393731656337316130396161376661343734336237393530663861383533303237336238393437616235623034303630393633353961363539623830306464633763626135656663343562646463366663383261643638623461613341306a546c4d483343385968346c4a5a4a6369734e43594655344166436859332b5a512f3836424857544a33417930727a4f71564d584969396b356a6e4641544c4c4f72795852584c566348656868734f6e366951705a71394b31383253706152356f41665a4953673238514e68305a616c5878675a3364784442444b73616b223b),
('uqed6jpegtk5klg8vhrr6nbjf9r05dnb', '::1', 1624918542, 0x5f5f63695f6c6173745f726567656e65726174657c693a313632343931383534323b7265646972656374696f6e7c4e3b5f5f4143544956455f53455353494f4e5f444154417c733a3235363a2233613539656339663062396339633436613932353463366531623833343966373564373563633337393436313665646231343638363733336532396539383136363431396666383033643565346334316662313536343366396264313162616134626337356532613034396136373431353330643137643665393237643537383347474c59306a675230396858356f54485868757679693556466379764f54485932364232367168443672435142704b63484d5875797838566544514d537758736859484c79636b5156686177746b2b32587879486d644e3648314f5331437453324641564e7776306a37494643326b526645567a785973626e4d6d507a3534223b),
('4m6vlk8dot3csdk2thu25elsmo2a0cot', '::1', 1624918719, 0x5f5f63695f6c6173745f726567656e65726174657c693a313632343931383534323b7265646972656374696f6e7c4e3b5f5f4143544956455f53455353494f4e5f444154417c733a3235363a2233613539656339663062396339633436613932353463366531623833343966373564373563633337393436313665646231343638363733336532396539383136363431396666383033643565346334316662313536343366396264313162616134626337356532613034396136373431353330643137643665393237643537383347474c59306a675230396858356f54485868757679693556466379764f54485932364232367168443672435142704b63484d5875797838566544514d537758736859484c79636b5156686177746b2b32587879486d644e3648314f5331437453324641564e7776306a37494643326b526645567a785973626e4d6d507a3534223b),
('9fo1u4hpavrgnic2dua7g3rt45vhpqon', '::1', 1630009450, 0x5f5f63695f6c6173745f726567656e65726174657c693a313633303030393435303b636172745f636f6e74656e74737c613a333a7b733a31303a22636172745f746f74616c223b643a33303030303b733a31313a22746f74616c5f6974656d73223b643a313b733a33323a223337363933636663373438303439653435643837623863376438623961616364223b613a363a7b733a323a226964223b733a323a223233223b733a333a22717479223b643a313b733a353a227072696365223b643a33303030303b733a343a226e616d65223b733a32343a22446f75626c652043686f636f2053706f6e67652043616b65223b733a353a22726f776964223b733a33323a223337363933636663373438303439653435643837623863376438623961616364223b733a383a22737562746f74616c223b643a33303030303b7d7d5f74656d705f636f75706f6e7c733a303a22223b5f74656d705f7175616e746974797c613a313a7b733a33323a223337363933636663373438303439653435643837623863376438623961616364223b733a313a2231223b7d7265646972656374696f6e7c733a36383a226148523063446f764c327876593246736147397a64433930623274764c584a7664476b766157356b5a586775634768774c334e6f623341765932686c593274766458513d223b),
('g0jgso4a7et6t69qp7b8a1il7m7dit9a', '::1', 1630009760, 0x5f5f63695f6c6173745f726567656e65726174657c693a313633303030393736303b636172745f636f6e74656e74737c613a333a7b733a31303a22636172745f746f74616c223b643a33303030303b733a31313a22746f74616c5f6974656d73223b643a313b733a33323a223337363933636663373438303439653435643837623863376438623961616364223b613a363a7b733a323a226964223b733a323a223233223b733a333a22717479223b643a313b733a353a227072696365223b643a33303030303b733a343a226e616d65223b733a32343a22446f75626c652043686f636f2053706f6e67652043616b65223b733a353a22726f776964223b733a33323a223337363933636663373438303439653435643837623863376438623961616364223b733a383a22737562746f74616c223b643a33303030303b7d7d5f74656d705f636f75706f6e7c733a303a22223b5f74656d705f7175616e746974797c613a313a7b733a33323a223337363933636663373438303439653435643837623863376438623961616364223b733a313a2231223b7d7265646972656374696f6e7c4e3b5f5f4143544956455f53455353494f4e5f444154417c733a3235363a2266626535393831313833326236313661386136346132326334653164303132393137666235363938306133636634643961643637653061383563393165376563646164653461633939373031343237656233373963373335353763303164373238656335306438393166363039356336393265376231393563623338633065323933366b6b4e767071684f3647457a6e514d55736c393964676d626d4f672f76316142616c78624231482f6c5356666863664f72726c784b56414a49467456413843623644704a533462515a65426f4b56794967523572714e5034774738664273456e646f3535656a5759754d2b2b6239776b576668654a377432657972486c223b),
('54h3lapobdfi1rhcueg1tnuhhjfil4g2', '::1', 1630009941, 0x5f5f63695f6c6173745f726567656e65726174657c693a313633303030393736303b5f74656d705f636f75706f6e7c733a303a22223b5f74656d705f7175616e746974797c613a313a7b733a33323a223337363933636663373438303439653435643837623863376438623961616364223b733a313a2231223b7d7265646972656374696f6e7c733a37323a226148523063446f764c327876593246736147397a64433930623274764c584a7664476b766157356b5a586775634768774c324e3163335276625756794c334a6c646d6c6c64334d3d223b),
('seg30emh41edt8egvofvfhnc03l7pvgk', '::1', 1630032894, 0x5f5f63695f6c6173745f726567656e65726174657c693a313633303033323839343b),
('iig20fdt7a4uufld24asnq0g3d9d4rne', '::1', 1630037116, 0x5f5f63695f6c6173745f726567656e65726174657c693a313633303033363838343b5f5f4143544956455f53455353494f4e5f444154417c733a3235363a2237646238643266346361613761383636333264653063333964663264303739383135636439346337663130376430313261346261636364633435633964623338653066366136383938353033653837333537653461323662396637656533636137396638383666633531343364323663306338313739393632346139616361304d4f63485a56714d53317130485a45724d514d5972614d4e7570776c42426358492b584d3871476d663668656678436149642b4b464c7335776a397a6d6955544867346c5174716a735643646869567052477651786157646233416c426c4e2b504e615876772f6a59766f524b4974317a72754131513730726e586255696f2f223b6f726465725f666c6173687c733a32363a224f7264657220626572686173696c20646974616d6261686b616e223b5f5f63695f766172737c613a313a7b733a31313a226f726465725f666c617368223b733a333a226f6c64223b7d);

-- --------------------------------------------------------

--
-- Table structure for table `contacts`
--

CREATE TABLE `contacts` (
  `id` int(10) NOT NULL,
  `parent_id` int(10) DEFAULT NULL,
  `name` varchar(32) NOT NULL,
  `subject` varchar(128) DEFAULT NULL,
  `email` varchar(64) NOT NULL,
  `message` mediumtext NOT NULL,
  `contact_date` datetime DEFAULT NULL,
  `status` tinyint(1) DEFAULT 1,
  `reply_at` datetime DEFAULT NULL
) ENGINE=InnoDB DEFAULT CHARSET=utf8mb4;

-- --------------------------------------------------------

--
-- Table structure for table `coupons`
--

CREATE TABLE `coupons` (
  `id` bigint(20) NOT NULL,
  `name` varchar(191) NOT NULL,
  `code` varchar(32) NOT NULL,
  `credit` decimal(8,2) NOT NULL,
  `start_date` date NOT NULL,
  `expired_date` date NOT NULL,
  `is_active` tinyint(4) DEFAULT 1
) ENGINE=InnoDB DEFAULT CHARSET=utf8mb4;

-- --------------------------------------------------------

--
-- Table structure for table `customers`
--

CREATE TABLE `customers` (
  `id` bigint(20) NOT NULL,
  `user_id` bigint(20) UNSIGNED DEFAULT NULL,
  `name` varchar(191) NOT NULL,
  `phone_number` varchar(32) DEFAULT NULL,
  `address` varchar(191) NOT NULL,
  `profile_picture` varchar(191) DEFAULT NULL
) ENGINE=InnoDB DEFAULT CHARSET=utf8mb4;

--
-- Dumping data for table `customers`
--

INSERT INTO `customers` (`id`, `user_id`, `name`, `phone_number`, `address`, `profile_picture`) VALUES
(8, 9, 'Almond', '082245247958', 'Surabaya', NULL),
(9, 10, 'USER', '1234556789', 'Semarang', 'steering_wheel-512.png');

-- --------------------------------------------------------

--
-- Table structure for table `orders`
--

CREATE TABLE `orders` (
  `id` bigint(20) NOT NULL,
  `user_id` bigint(20) UNSIGNED DEFAULT NULL,
  `coupon_id` bigint(20) DEFAULT NULL,
  `order_number` varchar(16) NOT NULL,
  `order_status` enum('1','2','3','4','5') DEFAULT '1',
  `order_date` datetime NOT NULL,
  `total_price` decimal(8,2) DEFAULT NULL,
  `total_items` int(10) DEFAULT NULL,
  `payment_method` int(11) DEFAULT 1,
  `delivery_data` text DEFAULT NULL,
  `delivered_date` datetime DEFAULT NULL,
  `finish_date` datetime DEFAULT NULL
) ENGINE=InnoDB DEFAULT CHARSET=utf8mb4;

--
-- Dumping data for table `orders`
--

INSERT INTO `orders` (`id`, `user_id`, `coupon_id`, `order_number`, `order_status`, `order_date`, `total_price`, `total_items`, `payment_method`, `delivery_data`, `delivered_date`, `finish_date`) VALUES
(12, 9, NULL, 'PHV2962119216', '2', '2021-06-29 00:09:44', '100000.00', 1, 1, '{\"customer\":{\"name\":\"Almond\",\"phone_number\":\"082245247958\",\"address\":\"Surabaya\"},\"note\":\"\"}', NULL, NULL),
(13, 9, NULL, 'LDK2962119560', '4', '2021-06-29 00:13:09', '100000.00', 1, 1, '{\"customer\":{\"name\":\"Almond\",\"phone_number\":\"082245247958\",\"address\":\"Surabaya\"},\"note\":\"\"}', NULL, NULL),
(14, 10, NULL, 'DWI27821310385', '1', '2021-08-27 06:05:15', '110000.00', 3, 2, '{\"customer\":{\"name\":\"Tedi\",\"phone_number\":\"1234556789\",\"address\":\"Semarang\"},\"note\":\"\"}', NULL, NULL);

-- --------------------------------------------------------

--
-- Table structure for table `order_items`
--

CREATE TABLE `order_items` (
  `id` bigint(20) NOT NULL,
  `order_id` bigint(20) DEFAULT NULL,
  `product_id` bigint(20) DEFAULT NULL,
  `order_qty` int(10) NOT NULL,
  `order_price` decimal(8,2) DEFAULT NULL
) ENGINE=InnoDB DEFAULT CHARSET=utf8mb4;

--
-- Dumping data for table `order_items`
--

INSERT INTO `order_items` (`id`, `order_id`, `product_id`, `order_qty`, `order_price`) VALUES
(19, 12, 21, 4, '25000.00'),
(20, 13, 19, 2, '50000.00'),
(21, 14, 18, 1, '50000.00'),
(22, 14, 24, 1, '50000.00'),
(23, 14, 22, 1, '10000.00');

-- --------------------------------------------------------

--
-- Table structure for table `payments`
--

CREATE TABLE `payments` (
  `id` bigint(20) NOT NULL,
  `order_id` bigint(20) DEFAULT NULL,
  `payment_price` decimal(8,2) DEFAULT NULL,
  `payment_date` datetime NOT NULL,
  `picture_name` varchar(191) DEFAULT NULL,
  `payment_status` enum('1','2','3') DEFAULT '1',
  `confirmed_date` datetime DEFAULT NULL,
  `payment_data` text DEFAULT NULL
) ENGINE=InnoDB DEFAULT CHARSET=utf8mb4;

--
-- Dumping data for table `payments`
--

INSERT INTO `payments` (`id`, `order_id`, `payment_price`, `payment_date`, `picture_name`, `payment_status`, `confirmed_date`, `payment_data`) VALUES
(7, 12, '100000.00', '2021-06-29 00:10:38', 'GapuraDigital.JPG', '2', NULL, '{\"transfer_to\":\"bank-bni\",\"source\":{\"bank\":\"BTN\",\"name\":\"Almond\",\"number\":\"0001661\"}}'),
(8, 13, '100000.00', '2021-06-29 00:13:50', 'SC01.JPG', '2', NULL, '{\"transfer_to\":\"bank-mandiri\",\"source\":{\"bank\":\"BTN\",\"name\":\"Almond\",\"number\":\"0001661\"}}');

-- --------------------------------------------------------

--
-- Table structure for table `products`
--

CREATE TABLE `products` (
  `id` bigint(20) NOT NULL,
  `category_id` int(10) DEFAULT NULL,
  `sku` varchar(32) DEFAULT NULL,
  `name` varchar(191) NOT NULL,
  `description` varchar(191) DEFAULT NULL,
  `picture_name` varchar(191) DEFAULT NULL,
  `price` decimal(8,2) NOT NULL,
  `current_discount` decimal(8,2) DEFAULT 0.00,
  `stock` int(10) NOT NULL,
  `product_unit` varchar(32) DEFAULT NULL,
  `is_available` tinyint(1) DEFAULT 1,
  `add_date` datetime DEFAULT NULL
) ENGINE=InnoDB DEFAULT CHARSET=utf8mb4;

--
-- Dumping data for table `products`
--

INSERT INTO `products` (`id`, `category_id`, `sku`, `name`, `description`, `picture_name`, `price`, `current_discount`, `stock`, `product_unit`, `is_available`, `add_date`) VALUES
(16, 12, 'CCB1100919', 'Choco Croissant', NULL, 'ChocoCroissant.jpg', '10000.00', '0.00', 100, 'Buah', 1, '2021-06-28 23:48:39'),
(18, 10, 'GLC53121', 'Giving Love', NULL, '20200812103724Butter_Cakes-02.jpg', '50000.00', '0.00', 3, 'Buah', 1, '2021-06-28 23:52:01'),
(19, 10, 'CPCC54165', 'Coconut Pandan Cake', NULL, '20200813093221Butter_Cakes-06.jpg', '50000.00', '0.00', 4, 'Buah', 1, '2021-06-28 23:52:45'),
(20, 11, 'CMTS110236', 'Chicken Mozza Toast', NULL, '20200812102057Sandwich-04.jpg', '150000.00', '0.00', 10, 'Buah', 1, '2021-06-28 23:53:56'),
(21, 11, 'SMMBS25295', 'Sausage Mozza Mini Buns', NULL, '20200812102210Sandwich-01.jpg', '25000.00', '0.00', 5, 'Buah', 1, '2021-06-28 23:54:55'),
(22, 13, 'BCO15752', 'Baby Choux', NULL, '20200812093330Dessert-01.jpg', '10000.00', '0.00', 5, 'Buah', 1, '2021-06-29 00:02:32'),
(23, 13, 'DCSCO310812', 'Double Choco Sponge Cake', NULL, '20200918180932GIFT_CAKE-02.jpg', '30000.00', '0.00', 10, 'Buah', 1, '2021-06-29 00:03:32'),
(24, 13, 'RVRCO54864', 'Red Velvet Roll Cake', NULL, '20200918181124GIFT_CAKE-05.jpg', '50000.00', '0.00', 4, 'Buah', 1, '2021-06-29 00:04:24'),
(25, 9, 'OPBBP55913', 'Onion Pizza Bread', NULL, '20200807125700Savory-07.jpg', '50000.00', '0.00', 5, 'Buah', 1, '2021-06-29 00:05:13'),
(26, 9, 'PSBBP210984', 'Potato Sausage Bread', NULL, '20200807125743Savory-10.jpg', '25000.00', '0.00', 10, 'Buah', 1, '2021-06-29 00:06:24'),
(27, 9, 'PTPBBP110061', 'Premium Toast Pan Bread', NULL, '20200813114502Pan_Bread-04.jpg', '15000.00', '0.00', 10, 'Buah', 1, '2021-06-29 00:07:41'),
(28, 13, 'PCO210093', 'Pound Cake', NULL, '20200918181029GIFT_CAKE-03.jpg', '25000.00', '0.00', 10, 'Buah', 1, '2021-06-29 00:08:13');

-- --------------------------------------------------------

--
-- Table structure for table `product_category`
--

CREATE TABLE `product_category` (
  `id` int(10) NOT NULL,
  `name` varchar(191) NOT NULL
) ENGINE=InnoDB DEFAULT CHARSET=utf8mb4;

--
-- Dumping data for table `product_category`
--

INSERT INTO `product_category` (`id`, `name`) VALUES
(9, 'Bread & Pastry'),
(10, 'Cakes'),
(11, 'Sandwich'),
(12, 'Beverages'),
(13, 'Others');

-- --------------------------------------------------------

--
-- Table structure for table `reviews`
--

CREATE TABLE `reviews` (
  `id` bigint(20) NOT NULL,
  `user_id` bigint(20) UNSIGNED DEFAULT NULL,
  `order_id` bigint(20) DEFAULT NULL,
  `title` varchar(191) DEFAULT NULL,
  `review_text` mediumtext NOT NULL,
  `review_date` datetime NOT NULL,
  `status` tinyint(1) NOT NULL DEFAULT 1
) ENGINE=InnoDB DEFAULT CHARSET=utf8mb4;

--
-- Dumping data for table `reviews`
--

INSERT INTO `reviews` (`id`, `user_id`, `order_id`, `title`, `review_text`, `review_date`, `status`) VALUES
(4, 9, 12, 'Yummy', 'Memuaskan!', '2021-06-29 00:12:32', 1),
(5, 9, 12, 'Umuuu', 'Terbaik lah Kuenak!', '2021-06-29 00:15:30', 1),
(6, 9, 12, 'Nice', 'Rotinya enak, Masih hangat ketika sampai rumah. Mantap', '2021-06-29 00:17:19', 1);

-- --------------------------------------------------------

--
-- Table structure for table `settings`
--

CREATE TABLE `settings` (
  `id` int(10) NOT NULL,
  `key` varchar(32) NOT NULL,
  `content` text NOT NULL
) ENGINE=InnoDB DEFAULT CHARSET=utf8mb4;

--
-- Dumping data for table `settings`
--

INSERT INTO `settings` (`id`, `key`, `content`) VALUES
(1, 'current_theme_name', 'vegefoods'),
(2, 'store_name', 'Toko Roti UDINUS'),
(3, 'store_phone_number', '02486457172'),
(4, 'store_email', 'toko-roti@gmail.com'),
(5, 'store_tagline', 'Making People Happy'),
(6, 'store_logo', 'Logo.png'),
(7, 'max_product_image_size', '20000'),
(8, 'store_description', 'AN ARTISAN BAKERY SERVING A UNIQUE SELECTION OF FRESHLY BAKED BREAD'),
(9, 'store_address', 'Jl. Imam Bonjol Semarang'),
(10, 'min_shop_to_free_shipping_cost', '20000'),
(11, 'shipping_cost', '3000'),
(12, 'payment_banks', '{\"bank-bni\":{\"bank\":\"BANK BNI\",\"number\":\"12345\",\"name\":\"UDINUS\"},\"bank-mandiri\":{\"bank\":\"BANK MANDIRI\",\"number\":\"12345\",\"name\":\"UDINUS\"},\"bank-bca\":{\"bank\":\"BANK BCA\",\"number\":\"12345\",\"name\":\"UDINUS\"}}');

-- --------------------------------------------------------

--
-- Table structure for table `users`
--

CREATE TABLE `users` (
  `id` bigint(20) UNSIGNED NOT NULL,
  `name` varchar(50) COLLATE utf8mb4_unicode_ci DEFAULT NULL,
  `email` varchar(191) COLLATE utf8mb4_unicode_ci NOT NULL,
  `email_verified_at` timestamp NULL DEFAULT NULL,
  `username` varchar(16) COLLATE utf8mb4_unicode_ci NOT NULL,
  `password` varchar(191) COLLATE utf8mb4_unicode_ci NOT NULL,
  `profile_picture` varchar(128) COLLATE utf8mb4_unicode_ci DEFAULT NULL,
  `role` varchar(32) COLLATE utf8mb4_unicode_ci DEFAULT '0' COMMENT '1 = admin, 2 = customer',
  `register_date` datetime DEFAULT NULL
) ENGINE=InnoDB DEFAULT CHARSET=utf8mb4 COLLATE=utf8mb4_unicode_ci;

--
-- Dumping data for table `users`
--

INSERT INTO `users` (`id`, `name`, `email`, `email_verified_at`, `username`, `password`, `profile_picture`, `role`, `register_date`) VALUES
(1, 'Admin', 'admin@gmail.com', NULL, 'admin', '$2y$10$QcCm4uiIIxF7NsaQVK5u1OWX0QjH6VG4ZtNTUVKrZ2TdlkP.7aKo2', 'pngegg.png', 'admin', NULL),
(9, NULL, 'customer@gmail.com', NULL, 'almond', '$2y$10$efCrl/zcAzy8OY8z.h9kuetvywuufu7Z.0YVP2qETJuRF6L0LZ1MG', NULL, 'customer', '2021-06-28 23:55:28'),
(10, NULL, 'user@gmail.com', NULL, 'user', '$2y$10$efCrl/zcAzy8OY8z.h9kuetvywuufu7Z.0YVP2qETJuRF6L0LZ1MG', NULL, 'customer', '2021-08-26 22:24:51');

--
-- Indexes for dumped tables
--

--
-- Indexes for table `ci_sessions`
--
ALTER TABLE `ci_sessions`
  ADD KEY `ci_sessions_timestamp` (`timestamp`);

--
-- Indexes for table `contacts`
--
ALTER TABLE `contacts`
  ADD PRIMARY KEY (`id`),
  ADD KEY `FK_contacts_contacts` (`parent_id`);

--
-- Indexes for table `coupons`
--
ALTER TABLE `coupons`
  ADD PRIMARY KEY (`id`);

--
-- Indexes for table `customers`
--
ALTER TABLE `customers`
  ADD PRIMARY KEY (`id`),
  ADD KEY `FK_customers_users` (`user_id`);

--
-- Indexes for table `orders`
--
ALTER TABLE `orders`
  ADD PRIMARY KEY (`id`),
  ADD KEY `FK_orders_users` (`user_id`),
  ADD KEY `FK_orders_coupons` (`coupon_id`);

--
-- Indexes for table `order_items`
--
ALTER TABLE `order_items`
  ADD PRIMARY KEY (`id`),
  ADD KEY `order_id` (`order_id`),
  ADD KEY `product_id` (`product_id`);

--
-- Indexes for table `payments`
--
ALTER TABLE `payments`
  ADD PRIMARY KEY (`id`),
  ADD KEY `order_id` (`order_id`);

--
-- Indexes for table `products`
--
ALTER TABLE `products`
  ADD PRIMARY KEY (`id`),
  ADD KEY `FK_products_product_category` (`category_id`);

--
-- Indexes for table `product_category`
--
ALTER TABLE `product_category`
  ADD PRIMARY KEY (`id`);

--
-- Indexes for table `reviews`
--
ALTER TABLE `reviews`
  ADD PRIMARY KEY (`id`),
  ADD KEY `FK_reviews_users` (`user_id`),
  ADD KEY `FK_reviews_orders` (`order_id`);

--
-- Indexes for table `settings`
--
ALTER TABLE `settings`
  ADD PRIMARY KEY (`id`) USING BTREE;

--
-- Indexes for table `users`
--
ALTER TABLE `users`
  ADD PRIMARY KEY (`id`) USING BTREE,
  ADD UNIQUE KEY `users_email_unique` (`email`) USING BTREE;

--
-- AUTO_INCREMENT for dumped tables
--

--
-- AUTO_INCREMENT for table `contacts`
--
ALTER TABLE `contacts`
  MODIFY `id` int(10) NOT NULL AUTO_INCREMENT, AUTO_INCREMENT=3;

--
-- AUTO_INCREMENT for table `coupons`
--
ALTER TABLE `coupons`
  MODIFY `id` bigint(20) NOT NULL AUTO_INCREMENT, AUTO_INCREMENT=6;

--
-- AUTO_INCREMENT for table `customers`
--
ALTER TABLE `customers`
  MODIFY `id` bigint(20) NOT NULL AUTO_INCREMENT, AUTO_INCREMENT=10;

--
-- AUTO_INCREMENT for table `orders`
--
ALTER TABLE `orders`
  MODIFY `id` bigint(20) NOT NULL AUTO_INCREMENT, AUTO_INCREMENT=15;

--
-- AUTO_INCREMENT for table `order_items`
--
ALTER TABLE `order_items`
  MODIFY `id` bigint(20) NOT NULL AUTO_INCREMENT, AUTO_INCREMENT=24;

--
-- AUTO_INCREMENT for table `payments`
--
ALTER TABLE `payments`
  MODIFY `id` bigint(20) NOT NULL AUTO_INCREMENT, AUTO_INCREMENT=9;

--
-- AUTO_INCREMENT for table `products`
--
ALTER TABLE `products`
  MODIFY `id` bigint(20) NOT NULL AUTO_INCREMENT, AUTO_INCREMENT=29;

--
-- AUTO_INCREMENT for table `product_category`
--
ALTER TABLE `product_category`
  MODIFY `id` int(10) NOT NULL AUTO_INCREMENT, AUTO_INCREMENT=14;

--
-- AUTO_INCREMENT for table `reviews`
--
ALTER TABLE `reviews`
  MODIFY `id` bigint(20) NOT NULL AUTO_INCREMENT, AUTO_INCREMENT=7;

--
-- AUTO_INCREMENT for table `settings`
--
ALTER TABLE `settings`
  MODIFY `id` int(10) NOT NULL AUTO_INCREMENT, AUTO_INCREMENT=13;

--
-- AUTO_INCREMENT for table `users`
--
ALTER TABLE `users`
  MODIFY `id` bigint(20) UNSIGNED NOT NULL AUTO_INCREMENT, AUTO_INCREMENT=11;

--
-- Constraints for dumped tables
--

--
-- Constraints for table `contacts`
--
ALTER TABLE `contacts`
  ADD CONSTRAINT `FK_contacts_contacts` FOREIGN KEY (`parent_id`) REFERENCES `contacts` (`id`) ON DELETE CASCADE ON UPDATE NO ACTION;

--
-- Constraints for table `customers`
--
ALTER TABLE `customers`
  ADD CONSTRAINT `FK_customers_users` FOREIGN KEY (`user_id`) REFERENCES `users` (`id`) ON DELETE NO ACTION ON UPDATE CASCADE;

--
-- Constraints for table `orders`
--
ALTER TABLE `orders`
  ADD CONSTRAINT `FK_orders_coupons` FOREIGN KEY (`coupon_id`) REFERENCES `coupons` (`id`) ON DELETE SET NULL ON UPDATE CASCADE,
  ADD CONSTRAINT `FK_orders_users` FOREIGN KEY (`user_id`) REFERENCES `users` (`id`) ON DELETE NO ACTION ON UPDATE CASCADE;

--
-- Constraints for table `order_items`
--
ALTER TABLE `order_items`
  ADD CONSTRAINT `order_items_ibfk_1` FOREIGN KEY (`order_id`) REFERENCES `orders` (`id`) ON DELETE CASCADE ON UPDATE NO ACTION,
  ADD CONSTRAINT `order_items_ibfk_2` FOREIGN KEY (`product_id`) REFERENCES `products` (`id`) ON DELETE CASCADE ON UPDATE NO ACTION;
COMMIT;

/*!40101 SET CHARACTER_SET_CLIENT=@OLD_CHARACTER_SET_CLIENT */;
/*!40101 SET CHARACTER_SET_RESULTS=@OLD_CHARACTER_SET_RESULTS */;
/*!40101 SET COLLATION_CONNECTION=@OLD_COLLATION_CONNECTION */;
